id;name;description;location
1;Ergonomic Granite Chicken program;payment Metal;SQL Chair Concrete
2;Home Loan Account Bedfordshire Cambridgeshire;Chile Plastic;value-added
3;robust transmitter;open system;Saint Vincent and the Grenadines Wooden
4;payment infrastructure;Cyprus District;Inverse
5;Steel;azure even-keeled;Optimized interface Bridge
6;AI Shoes;Cambridgeshire;Central
7;Borders;primary;CFP Franc
8;e-markets;input;bluetooth experiences generate
9;Ball digital connect;Pizza;Response Arizona actuating
10;blue human-resource;Tuna Tonga;back-end cross-platform
